-- phpMyAdmin SQL Dump
-- version 5.0.1
-- https://www.phpmyadmin.net/
--
-- Host: 127.0.0.1
-- Waktu pembuatan: 28 Des 2021 pada 00.17
-- Versi server: 10.4.11-MariaDB
-- Versi PHP: 7.2.28

SET SQL_MODE = "NO_AUTO_VALUE_ON_ZERO";
SET AUTOCOMMIT = 0;
START TRANSACTION;
SET time_zone = "+00:00";


/*!40101 SET @OLD_CHARACTER_SET_CLIENT=@@CHARACTER_SET_CLIENT */;
/*!40101 SET @OLD_CHARACTER_SET_RESULTS=@@CHARACTER_SET_RESULTS */;
/*!40101 SET @OLD_COLLATION_CONNECTION=@@COLLATION_CONNECTION */;
/*!40101 SET NAMES utf8mb4 */;

--
-- Database: `praktikum_ruddy`
--

-- --------------------------------------------------------

--
-- Struktur dari tabel `bagian`
--

CREATE TABLE `bagian` (
  `id` int(10) NOT NULL,
  `nama_bagian` varchar(255) NOT NULL,
  `karyawan_id` int(20) NOT NULL,
  `lokasi_id` int(10) NOT NULL
) ENGINE=InnoDB DEFAULT CHARSET=utf8mb4;

--
-- Dumping data untuk tabel `bagian`
--

INSERT INTO `bagian` (`id`, `nama_bagian`, `karyawan_id`, `lokasi_id`) VALUES
(1, 'Programer', 11, 1),
(6, 'Analyst', 13, 5),
(8, 'Developer', 22, 2),
(9, 'Web Design', 13, 1);

-- --------------------------------------------------------

--
-- Struktur dari tabel `bagian_karyawan`
--

CREATE TABLE `bagian_karyawan` (
  `id` int(10) NOT NULL,
  `bagian_id` int(20) NOT NULL,
  `karyawan_id` int(20) NOT NULL,
  `tanggal_mulai` date NOT NULL
) ENGINE=InnoDB DEFAULT CHARSET=utf8mb4;

--
-- Dumping data untuk tabel `bagian_karyawan`
--

INSERT INTO `bagian_karyawan` (`id`, `bagian_id`, `karyawan_id`, `tanggal_mulai`) VALUES
(2, 2, 3, '2020-08-13'),
(3, 3, 6, '2021-05-14'),
(4, 1, 4, '2020-08-20'),
(5, 2, 7, '2021-04-15'),
(7, 3, 8, '2020-05-20'),
(9, 1, 5, '2020-08-14');

-- --------------------------------------------------------

--
-- Struktur dari tabel `gaji_karyawan`
--

CREATE TABLE `gaji_karyawan` (
  `id` int(10) NOT NULL,
  `karyawan_id` int(20) NOT NULL,
  `tahun` year(4) NOT NULL,
  `bulan` char(2) NOT NULL,
  `gapok` double NOT NULL,
  `tunjangan` double NOT NULL,
  `uang_makan` double NOT NULL
) ENGINE=InnoDB DEFAULT CHARSET=utf8mb4;

--
-- Dumping data untuk tabel `gaji_karyawan`
--

INSERT INTO `gaji_karyawan` (`id`, `karyawan_id`, `tahun`, `bulan`, `gapok`, `tunjangan`, `uang_makan`) VALUES
(1, 3, 2020, '11', 2400000, 500000, 800000),
(2, 4, 2020, '11', 2300000, 450000, 684000),
(3, 5, 2020, '11', 2200000, 400000, 684000),
(4, 6, 2020, '11', 2100000, 350000, 640000),
(5, 7, 2020, '11', 2100000, 350000, 612000),
(6, 8, 2020, '11', 1000000, 100000, 380000),
(7, 3, 2020, '12', 2400000, 500000, 800000),
(8, 4, 2020, '12', 2300000, 450000, 722000),
(9, 5, 2020, '12', 2200000, 400000, 720000),
(10, 6, 2020, '12', 2100000, 350000, 680000),
(11, 7, 2020, '12', 2100000, 350000, 646000),
(12, 8, 2020, '12', 1000000, 100000, 360000),
(13, 3, 2021, '01', 2400000, 500000, 800000),
(14, 4, 2021, '01', 2300000, 450000, 722000),
(15, 5, 2021, '01', 2200000, 400000, 612000),
(16, 6, 2021, '01', 2100000, 350000, 680000),
(17, 7, 2021, '01', 2100000, 350000, 646000),
(18, 8, 2021, '01', 1000000, 100000, 340000);

-- --------------------------------------------------------

--
-- Struktur dari tabel `jabatan`
--

CREATE TABLE `jabatan` (
  `id` int(11) NOT NULL,
  `nama_jabatan` varchar(255) NOT NULL,
  `gapok_jabatan` double NOT NULL,
  `tunjangan_jabatan` double NOT NULL,
  `uang_makan_perhari` double NOT NULL
) ENGINE=InnoDB DEFAULT CHARSET=utf8mb4;

--
-- Dumping data untuk tabel `jabatan`
--

INSERT INTO `jabatan` (`id`, `nama_jabatan`, `gapok_jabatan`, `tunjangan_jabatan`, `uang_makan_perhari`) VALUES
(1, 'System Analyst', 2400000, 500000, 40000),
(2, 'Project Manager', 2300000, 450000, 38000),
(3, 'Web Design', 2200000, 400000, 36000),
(4, 'Programmer', 2100000, 350000, 34000);

-- --------------------------------------------------------

--
-- Struktur dari tabel `jabatan_karyawan`
--

CREATE TABLE `jabatan_karyawan` (
  `id` int(10) NOT NULL,
  `karyawan_id` int(20) NOT NULL,
  `jabatan_id` int(11) NOT NULL,
  `tanggal_mulai` date NOT NULL
) ENGINE=InnoDB DEFAULT CHARSET=utf8mb4;

--
-- Dumping data untuk tabel `jabatan_karyawan`
--

INSERT INTO `jabatan_karyawan` (`id`, `karyawan_id`, `jabatan_id`, `tanggal_mulai`) VALUES
(8, 4, 3, '2020-06-02'),
(9, 5, 4, '2021-06-03'),
(10, 6, 5, '2020-06-06'),
(11, 3, 1, '2021-07-01'),
(12, 4, 2, '2020-07-02'),
(13, 5, 3, '2021-07-02'),
(14, 6, 4, '2020-07-02'),
(15, 7, 5, '2021-07-07'),
(16, 7, 4, '2021-08-02'),
(17, 8, 5, '2021-08-08');

-- --------------------------------------------------------

--
-- Struktur dari tabel `karyawan`
--

CREATE TABLE `karyawan` (
  `id` int(10) NOT NULL,
  `nik` varchar(255) NOT NULL,
  `nama_lengkap` varchar(255) NOT NULL,
  `hp` varchar(255) NOT NULL,
  `email` varchar(255) NOT NULL,
  `tanggal_masuk` date NOT NULL,
  `pengguna_id` int(11) NOT NULL
) ENGINE=InnoDB DEFAULT CHARSET=utf8mb4;

--
-- Dumping data untuk tabel `karyawan`
--

INSERT INTO `karyawan` (`id`, `nik`, `nama_lengkap`, `hp`, `email`, `tanggal_masuk`, `pengguna_id`) VALUES
(1, '001', 'Admin', '08112011', 'admin@mail.com', '2020-01-01', 1),
(3, '003', 'David', '08112013', 'david@mail.com', '2013-03-03', 3),
(6, '006', 'Fitri', '08112016', 'fitri@mail.com', '2021-06-06', 6),
(7, '007', 'Farhan', '08112017', 'farhan@mail.com', '2020-07-07', 7);

-- --------------------------------------------------------

--
-- Struktur dari tabel `lokasi`
--

CREATE TABLE `lokasi` (
  `id` int(11) NOT NULL,
  `nama_lokasi` varchar(255) NOT NULL
) ENGINE=InnoDB DEFAULT CHARSET=utf8mb4;

--
-- Dumping data untuk tabel `lokasi`
--

INSERT INTO `lokasi` (`id`, `nama_lokasi`) VALUES
(12, 'Banjarmasin'),
(13, 'Banjarbaru');

-- --------------------------------------------------------

--
-- Struktur dari tabel `pengguna`
--

CREATE TABLE `pengguna` (
  `id` int(10) NOT NULL,
  `username` varchar(25) NOT NULL,
  `Password` varchar(255) NOT NULL,
  `peran` enum('ADMIN','USER') NOT NULL,
  `login_terakhir` timestamp NOT NULL DEFAULT current_timestamp() ON UPDATE current_timestamp()
) ENGINE=InnoDB DEFAULT CHARSET=utf8mb4;

--
-- Dumping data untuk tabel `pengguna`
--

INSERT INTO `pengguna` (`id`, `username`, `Password`, `peran`, `login_terakhir`) VALUES
(1, 'admin', '21232f297a57a5a743894a0e4a801fc3', 'ADMIN', '2021-12-20 10:46:01'),
(2, 'David', '6579e96f76baa00787a28653876c6127', 'USER', '2021-12-20 13:06:11'),
(3, 'fitria', '7c232f58f03f6d00c8d28166fbff7a8b', 'USER', '2021-12-20 13:06:19'),
(4, 'Farhan', 'bd117502364227fd8c09098d31e11313', 'USER', '2021-12-20 13:06:26');

-- --------------------------------------------------------

--
-- Struktur dari tabel `presensi`
--

CREATE TABLE `presensi` (
  `id` int(255) NOT NULL,
  `karyawan_id` int(255) NOT NULL,
  `tanggal` date NOT NULL,
  `jam_masuk` time NOT NULL,
  `jam_keluar` time NOT NULL,
  `keterangan` enum('HADIR','IZIN','SAKIT','CUTI','AKHIR PEKAN','LIBUR NASIONAL','TANPA KETERANGAN') NOT NULL
) ENGINE=InnoDB DEFAULT CHARSET=utf8mb4;

--
-- Dumping data untuk tabel `presensi`
--

INSERT INTO `presensi` (`id`, `karyawan_id`, `tanggal`, `jam_masuk`, `jam_keluar`, `keterangan`) VALUES
(1, 3, '2020-11-01', '00:00:00', '00:00:00', ''),
(2, 3, '2020-11-02', '08:00:00', '16:00:00', 'HADIR'),
(3, 3, '2020-11-03', '08:00:00', '16:00:00', 'HADIR'),
(4, 3, '2020-11-04', '08:00:00', '16:00:00', 'HADIR'),
(5, 3, '2020-11-05', '08:00:00', '16:00:00', 'HADIR'),
(6, 3, '2020-11-06', '08:00:00', '16:00:00', 'HADIR'),
(7, 3, '2020-11-07', '00:00:00', '00:00:00', ''),
(8, 3, '2020-11-08', '00:00:00', '00:00:00', ''),
(9, 3, '2020-11-09', '08:00:00', '16:00:00', 'HADIR'),
(10, 3, '2020-11-10', '00:00:00', '00:00:00', ''),
(11, 3, '2020-11-11', '08:00:00', '16:00:00', 'HADIR'),
(12, 3, '2020-11-12', '08:00:00', '16:00:00', 'HADIR'),
(13, 3, '2020-11-13', '08:00:00', '16:00:00', 'HADIR'),
(14, 3, '2020-11-14', '00:00:00', '00:00:00', ''),
(15, 3, '2020-11-15', '00:00:00', '00:00:00', ''),
(16, 3, '2020-11-16', '08:00:00', '16:00:00', 'HADIR'),
(17, 3, '2020-11-17', '08:00:00', '16:00:00', 'HADIR'),
(18, 3, '2020-11-18', '08:00:00', '16:00:00', 'HADIR'),
(19, 3, '2020-11-19', '08:00:00', '16:00:00', 'HADIR'),
(20, 3, '2020-11-20', '08:00:00', '16:00:00', 'HADIR'),
(21, 3, '2020-11-21', '00:00:00', '00:00:00', ''),
(22, 3, '2020-11-22', '00:00:00', '00:00:00', ''),
(23, 3, '2020-11-23', '08:00:00', '16:00:00', 'HADIR'),
(24, 3, '2020-11-24', '08:00:00', '16:00:00', 'HADIR'),
(25, 3, '2020-11-25', '08:00:00', '16:00:00', 'HADIR'),
(26, 3, '2020-11-26', '08:00:00', '16:00:00', 'HADIR'),
(27, 3, '2020-11-27', '08:00:00', '16:00:00', 'HADIR'),
(28, 3, '2020-11-28', '00:00:00', '00:00:00', ''),
(29, 3, '2020-11-29', '00:00:00', '00:00:00', ''),
(30, 3, '2020-11-30', '08:00:00', '16:00:00', 'HADIR'),
(31, 3, '2020-12-01', '08:00:00', '16:00:00', 'HADIR'),
(32, 3, '2020-12-02', '08:00:00', '16:00:00', 'HADIR'),
(33, 3, '2020-12-03', '08:00:00', '16:00:00', 'HADIR'),
(34, 3, '2020-12-04', '08:00:00', '16:00:00', 'HADIR'),
(35, 3, '2020-12-05', '00:00:00', '00:00:00', ''),
(36, 3, '2020-12-06', '00:00:00', '00:00:00', ''),
(37, 3, '2020-12-07', '08:00:00', '16:00:00', 'HADIR'),
(38, 3, '2020-12-08', '08:00:00', '16:00:00', 'HADIR'),
(39, 3, '2020-12-09', '00:00:00', '00:00:00', ''),
(40, 3, '2020-12-10', '08:00:00', '16:00:00', 'HADIR'),
(41, 3, '2020-12-11', '08:00:00', '16:00:00', 'HADIR'),
(42, 3, '2020-12-12', '00:00:00', '00:00:00', ''),
(43, 3, '2020-12-13', '00:00:00', '00:00:00', ''),
(44, 3, '2020-12-14', '08:00:00', '16:00:00', 'HADIR'),
(45, 3, '2020-12-15', '08:00:00', '16:00:00', 'HADIR'),
(46, 3, '2020-12-16', '08:00:00', '16:00:00', 'HADIR'),
(47, 3, '2020-12-17', '08:00:00', '16:00:00', 'HADIR'),
(48, 3, '2020-12-18', '08:00:00', '16:00:00', 'HADIR'),
(49, 3, '2020-12-19', '00:00:00', '00:00:00', ''),
(50, 3, '2020-12-20', '00:00:00', '00:00:00', ''),
(51, 3, '2020-12-21', '08:00:00', '16:00:00', 'HADIR'),
(52, 3, '2020-12-22', '08:00:00', '16:00:00', 'HADIR'),
(53, 3, '2020-12-23', '08:00:00', '16:00:00', 'HADIR'),
(54, 3, '2020-12-24', '00:00:00', '00:00:00', ''),
(55, 3, '2020-12-25', '00:00:00', '00:00:00', ''),
(56, 3, '2020-12-26', '00:00:00', '00:00:00', ''),
(57, 3, '2020-12-27', '00:00:00', '00:00:00', ''),
(58, 3, '2020-12-28', '08:00:00', '16:00:00', 'HADIR'),
(59, 3, '2020-12-29', '08:00:00', '16:00:00', 'HADIR'),
(60, 3, '2020-12-30', '08:00:00', '16:00:00', 'HADIR'),
(61, 3, '2020-12-31', '08:00:00', '16:00:00', 'HADIR'),
(62, 3, '2021-01-01', '00:00:00', '00:00:00', ''),
(63, 3, '2021-01-02', '00:00:00', '00:00:00', ''),
(64, 3, '2021-01-03', '00:00:00', '00:00:00', ''),
(65, 3, '2021-01-04', '08:00:00', '16:00:00', 'HADIR'),
(66, 3, '2021-01-05', '08:00:00', '16:00:00', 'HADIR'),
(67, 3, '2021-01-06', '08:00:00', '16:00:00', 'HADIR'),
(68, 3, '2021-01-07', '08:00:00', '16:00:00', 'HADIR'),
(69, 3, '2021-01-08', '08:00:00', '16:00:00', 'HADIR'),
(70, 3, '2021-01-09', '00:00:00', '00:00:00', ''),
(71, 3, '2021-01-10', '00:00:00', '00:00:00', ''),
(72, 3, '2021-01-11', '08:00:00', '16:00:00', 'HADIR'),
(73, 3, '2021-01-12', '08:00:00', '16:00:00', 'HADIR'),
(74, 3, '2021-01-13', '08:00:00', '16:00:00', 'HADIR'),
(75, 3, '2021-01-14', '08:00:00', '16:00:00', 'HADIR'),
(76, 3, '2021-01-15', '08:00:00', '16:00:00', 'HADIR'),
(77, 3, '2021-01-16', '00:00:00', '00:00:00', ''),
(78, 3, '2021-01-17', '00:00:00', '00:00:00', ''),
(79, 3, '2021-01-18', '08:00:00', '16:00:00', 'HADIR'),
(80, 3, '2021-01-19', '08:00:00', '16:00:00', 'HADIR'),
(81, 3, '2021-01-20', '08:00:00', '16:00:00', 'HADIR'),
(82, 3, '2021-01-21', '08:00:00', '16:00:00', 'HADIR'),
(83, 3, '2021-01-22', '08:00:00', '16:00:00', 'HADIR'),
(84, 3, '2021-01-23', '00:00:00', '00:00:00', ''),
(85, 3, '2021-01-24', '00:00:00', '00:00:00', ''),
(86, 3, '2021-01-25', '08:00:00', '16:00:00', 'HADIR'),
(87, 3, '2021-01-26', '08:00:00', '16:00:00', 'HADIR'),
(88, 3, '2021-01-27', '08:00:00', '16:00:00', 'HADIR'),
(89, 3, '2021-01-28', '08:00:00', '16:00:00', 'HADIR'),
(90, 3, '2021-01-29', '08:00:00', '16:00:00', 'HADIR'),
(91, 3, '2021-01-30', '00:00:00', '00:00:00', ''),
(92, 3, '2021-01-31', '00:00:00', '00:00:00', ''),
(93, 4, '2020-11-01', '00:00:00', '00:00:00', ''),
(94, 4, '2020-11-02', '08:00:00', '16:00:00', 'HADIR'),
(95, 4, '2020-11-03', '08:35:00', '16:00:00', 'HADIR'),
(96, 4, '2020-11-04', '00:00:00', '00:00:00', 'SAKIT'),
(97, 4, '2020-11-05', '08:00:00', '16:00:00', 'HADIR'),
(98, 4, '2020-11-06', '08:00:00', '16:00:00', 'HADIR'),
(99, 4, '2020-11-07', '00:00:00', '00:00:00', ''),
(100, 4, '2020-11-08', '00:00:00', '00:00:00', ''),
(101, 4, '2020-11-09', '08:00:00', '16:00:00', 'HADIR'),
(102, 4, '2020-11-10', '00:00:00', '00:00:00', ''),
(103, 4, '2020-11-11', '08:00:00', '16:00:00', 'HADIR'),
(104, 4, '2020-11-12', '08:00:00', '16:00:00', 'HADIR'),
(105, 4, '2020-11-13', '08:00:00', '16:00:00', 'HADIR'),
(106, 4, '2020-11-14', '00:00:00', '00:00:00', ''),
(107, 4, '2020-11-15', '00:00:00', '00:00:00', ''),
(108, 4, '2020-11-16', '08:00:00', '16:00:00', 'HADIR'),
(109, 4, '2020-11-17', '08:00:00', '16:00:00', 'HADIR'),
(110, 4, '2020-11-18', '08:45:00', '16:00:00', 'HADIR'),
(111, 4, '2020-11-19', '00:00:00', '00:00:00', 'IZIN'),
(112, 4, '2020-11-20', '08:00:00', '16:00:00', 'HADIR'),
(113, 4, '2020-11-21', '00:00:00', '00:00:00', ''),
(114, 4, '2020-11-22', '00:00:00', '00:00:00', ''),
(115, 4, '2020-11-23', '08:00:00', '16:00:00', 'HADIR'),
(116, 4, '2020-11-24', '08:00:00', '16:00:00', 'HADIR'),
(117, 4, '2020-11-25', '08:00:00', '16:00:00', 'HADIR'),
(118, 4, '2020-11-26', '08:00:00', '16:00:00', 'HADIR'),
(119, 4, '2020-11-27', '08:00:00', '16:00:00', 'HADIR'),
(120, 4, '2020-11-28', '00:00:00', '00:00:00', ''),
(121, 4, '2020-11-29', '00:00:00', '00:00:00', ''),
(122, 4, '2020-11-30', '08:00:00', '16:00:00', 'HADIR'),
(123, 4, '2020-12-01', '08:00:00', '16:00:00', 'HADIR'),
(124, 4, '2020-12-02', '08:00:00', '16:00:00', 'HADIR'),
(125, 4, '2020-12-03', '08:00:00', '16:00:00', 'HADIR'),
(126, 4, '2020-12-04', '08:00:00', '16:00:00', 'HADIR'),
(127, 4, '2020-12-05', '00:00:00', '00:00:00', ''),
(128, 4, '2020-12-06', '00:00:00', '00:00:00', ''),
(129, 4, '2020-12-07', '08:00:00', '16:00:00', 'HADIR'),
(130, 4, '2020-12-08', '08:00:00', '16:00:00', 'HADIR'),
(131, 4, '2020-12-09', '00:00:00', '00:00:00', ''),
(132, 4, '2020-12-10', '08:00:00', '16:00:00', 'HADIR'),
(133, 4, '2020-12-11', '08:00:00', '16:00:00', 'HADIR'),
(134, 4, '2020-12-12', '00:00:00', '00:00:00', ''),
(135, 4, '2020-12-13', '00:00:00', '00:00:00', ''),
(136, 4, '2020-12-14', '08:00:00', '16:00:00', 'HADIR'),
(137, 4, '2020-12-15', '08:00:00', '16:00:00', 'HADIR'),
(138, 4, '2020-12-16', '08:00:00', '16:00:00', 'HADIR'),
(139, 4, '2020-12-17', '00:00:00', '00:00:00', 'SAKIT'),
(140, 4, '2020-12-18', '08:00:00', '16:00:00', 'HADIR'),
(141, 4, '2020-12-19', '00:00:00', '00:00:00', ''),
(142, 4, '2020-12-20', '00:00:00', '00:00:00', ''),
(143, 4, '2020-12-21', '08:00:00', '16:00:00', 'HADIR'),
(144, 4, '2020-12-22', '08:00:00', '16:00:00', 'HADIR'),
(145, 4, '2020-12-23', '08:00:00', '16:00:00', 'HADIR'),
(146, 4, '2020-12-24', '00:00:00', '00:00:00', ''),
(147, 4, '2020-12-25', '00:00:00', '00:00:00', ''),
(148, 4, '2020-12-26', '00:00:00', '00:00:00', ''),
(149, 4, '2020-12-27', '00:00:00', '00:00:00', ''),
(150, 4, '2020-12-28', '08:00:00', '16:00:00', 'HADIR'),
(151, 4, '2020-12-29', '08:50:00', '16:00:00', 'HADIR'),
(152, 4, '2020-12-30', '08:00:00', '16:00:00', 'HADIR'),
(153, 4, '2020-12-31', '08:00:00', '16:00:00', 'HADIR'),
(154, 4, '2021-01-01', '00:00:00', '00:00:00', ''),
(155, 4, '2021-01-02', '00:00:00', '00:00:00', ''),
(156, 4, '2021-01-03', '00:00:00', '00:00:00', ''),
(157, 4, '2021-01-04', '08:00:00', '16:00:00', 'HADIR'),
(158, 4, '2021-01-05', '08:00:00', '16:00:00', 'HADIR'),
(159, 4, '2021-01-06', '08:00:00', '16:00:00', 'HADIR'),
(160, 4, '2021-01-07', '08:00:00', '16:00:00', 'HADIR'),
(161, 4, '2021-01-08', '08:00:00', '16:00:00', 'HADIR'),
(162, 4, '2021-01-09', '00:00:00', '00:00:00', ''),
(163, 4, '2021-01-10', '00:00:00', '00:00:00', ''),
(164, 4, '2021-01-11', '08:00:00', '16:00:00', 'HADIR'),
(165, 4, '2021-01-12', '08:00:00', '16:00:00', 'HADIR'),
(166, 4, '2021-01-13', '08:00:00', '16:00:00', 'HADIR'),
(167, 4, '2021-01-14', '08:00:00', '16:00:00', 'HADIR'),
(168, 4, '2021-01-15', '08:00:00', '16:00:00', 'HADIR'),
(169, 4, '2021-01-16', '00:00:00', '00:00:00', ''),
(170, 4, '2021-01-17', '00:00:00', '00:00:00', ''),
(171, 4, '2021-01-18', '08:00:00', '16:00:00', 'HADIR'),
(172, 4, '2021-01-19', '08:00:00', '16:00:00', 'HADIR'),
(173, 4, '2021-01-20', '08:00:00', '16:00:00', 'HADIR'),
(174, 4, '2021-01-21', '00:00:00', '00:00:00', 'IZIN'),
(175, 4, '2021-01-22', '08:00:00', '16:00:00', 'HADIR'),
(176, 4, '2021-01-23', '00:00:00', '00:00:00', ''),
(177, 4, '2021-01-24', '00:00:00', '00:00:00', ''),
(178, 4, '2021-01-25', '08:00:00', '16:00:00', 'HADIR'),
(179, 4, '2021-01-26', '08:00:00', '16:00:00', 'HADIR'),
(180, 4, '2021-01-27', '08:40:00', '16:00:00', 'HADIR'),
(181, 4, '2021-01-28', '08:00:00', '16:00:00', 'HADIR'),
(182, 4, '2021-01-29', '08:00:00', '16:00:00', 'HADIR'),
(183, 4, '2021-01-30', '00:00:00', '00:00:00', ''),
(184, 4, '2021-01-31', '00:00:00', '00:00:00', ''),
(185, 5, '2020-11-01', '00:00:00', '00:00:00', ''),
(186, 5, '2020-11-02', '08:00:00', '16:00:00', 'HADIR'),
(187, 5, '2020-11-03', '08:00:00', '16:00:00', 'HADIR'),
(188, 5, '2020-11-04', '08:00:00', '16:00:00', 'HADIR'),
(189, 5, '2020-11-05', '08:00:00', '16:00:00', 'HADIR'),
(190, 5, '2020-11-06', '08:35:00', '16:00:00', 'HADIR'),
(191, 5, '2020-11-07', '00:00:00', '00:00:00', ''),
(192, 5, '2020-11-08', '00:00:00', '00:00:00', ''),
(193, 5, '2020-11-09', '08:00:00', '16:00:00', 'HADIR'),
(194, 5, '2020-11-10', '00:00:00', '00:00:00', ''),
(195, 5, '2020-11-11', '08:00:00', '16:00:00', 'HADIR'),
(196, 5, '2020-11-12', '08:00:00', '16:00:00', 'HADIR'),
(197, 5, '2020-11-13', '08:00:00', '16:00:00', 'HADIR'),
(198, 5, '2020-11-14', '00:00:00', '00:00:00', ''),
(199, 5, '2020-11-15', '00:00:00', '00:00:00', ''),
(200, 5, '2020-11-16', '08:00:00', '16:00:00', 'HADIR'),
(201, 5, '2020-11-17', '08:00:00', '16:00:00', 'HADIR'),
(202, 5, '2020-11-18', '08:35:00', '16:00:00', 'HADIR'),
(203, 5, '2020-11-19', '08:00:00', '16:00:00', 'HADIR'),
(204, 5, '2020-11-20', '08:00:00', '16:00:00', 'HADIR'),
(205, 5, '2020-11-21', '00:00:00', '00:00:00', ''),
(206, 5, '2020-11-22', '00:00:00', '00:00:00', ''),
(207, 5, '2020-11-23', '08:00:00', '16:00:00', 'HADIR'),
(208, 5, '2020-11-24', '08:00:00', '16:00:00', 'HADIR'),
(209, 5, '2020-11-25', '00:00:00', '00:00:00', 'SAKIT'),
(210, 5, '2020-11-26', '08:00:00', '16:00:00', 'HADIR'),
(211, 5, '2020-11-27', '08:00:00', '16:00:00', 'HADIR'),
(212, 5, '2020-11-28', '00:00:00', '00:00:00', ''),
(213, 5, '2020-11-29', '00:00:00', '00:00:00', ''),
(214, 5, '2020-11-30', '08:00:00', '16:00:00', 'HADIR'),
(215, 5, '2020-12-01', '08:00:00', '16:00:00', 'HADIR'),
(216, 5, '2020-12-02', '08:00:00', '16:00:00', 'HADIR'),
(217, 5, '2020-12-03', '08:00:00', '16:00:00', 'HADIR'),
(218, 5, '2020-12-04', '08:00:00', '16:00:00', 'HADIR'),
(219, 5, '2020-12-05', '00:00:00', '00:00:00', ''),
(220, 5, '2020-12-06', '00:00:00', '00:00:00', ''),
(221, 5, '2020-12-07', '08:00:00', '16:00:00', 'HADIR'),
(222, 5, '2020-12-08', '08:00:00', '16:00:00', 'HADIR'),
(223, 5, '2020-12-09', '00:00:00', '00:00:00', ''),
(224, 5, '2020-12-10', '08:00:00', '16:00:00', 'HADIR'),
(225, 5, '2020-12-11', '08:00:00', '16:00:00', 'HADIR'),
(226, 5, '2020-12-12', '00:00:00', '00:00:00', ''),
(227, 5, '2020-12-13', '00:00:00', '00:00:00', ''),
(228, 5, '2020-12-14', '08:00:00', '16:00:00', 'HADIR'),
(229, 5, '2020-12-15', '08:00:00', '16:00:00', 'HADIR'),
(230, 5, '2020-12-16', '08:00:00', '16:00:00', 'HADIR'),
(231, 5, '2020-12-17', '08:00:00', '16:00:00', 'HADIR'),
(232, 5, '2020-12-18', '08:00:00', '16:00:00', 'HADIR'),
(233, 5, '2020-12-19', '00:00:00', '00:00:00', ''),
(234, 5, '2020-12-20', '00:00:00', '00:00:00', ''),
(235, 5, '2020-12-21', '08:00:00', '16:00:00', 'HADIR'),
(236, 5, '2020-12-22', '08:00:00', '16:00:00', 'HADIR'),
(237, 5, '2020-12-23', '08:00:00', '16:00:00', 'HADIR'),
(238, 5, '2020-12-24', '00:00:00', '00:00:00', ''),
(239, 5, '2020-12-25', '00:00:00', '00:00:00', ''),
(240, 5, '2020-12-26', '00:00:00', '00:00:00', ''),
(241, 5, '2020-12-27', '00:00:00', '00:00:00', ''),
(242, 5, '2020-12-28', '08:00:00', '16:00:00', 'HADIR'),
(243, 5, '2020-12-29', '08:00:00', '16:00:00', 'HADIR'),
(244, 5, '2020-12-30', '08:00:00', '16:00:00', 'HADIR'),
(245, 5, '2020-12-31', '08:00:00', '16:00:00', 'HADIR'),
(246, 5, '2021-01-01', '00:00:00', '00:00:00', ''),
(247, 5, '2021-01-02', '00:00:00', '00:00:00', ''),
(248, 5, '2021-01-03', '00:00:00', '00:00:00', ''),
(249, 5, '2021-01-04', '08:00:00', '16:00:00', 'HADIR'),
(250, 5, '2021-01-05', '08:00:00', '16:00:00', 'HADIR'),
(251, 5, '2021-01-06', '00:00:00', '00:00:00', 'IZIN'),
(252, 5, '2021-01-07', '08:00:00', '16:00:00', 'HADIR'),
(253, 5, '2021-01-08', '08:00:00', '16:00:00', 'HADIR'),
(254, 5, '2021-01-09', '00:00:00', '00:00:00', ''),
(255, 5, '2021-01-10', '00:00:00', '00:00:00', ''),
(256, 5, '2021-01-11', '08:00:00', '16:00:00', 'HADIR'),
(257, 5, '2021-01-12', '08:00:00', '16:00:00', 'HADIR'),
(258, 5, '2021-01-13', '08:00:00', '16:00:00', 'HADIR'),
(259, 5, '2021-01-14', '08:00:00', '16:00:00', 'HADIR'),
(260, 5, '2021-01-15', '08:00:00', '16:00:00', 'HADIR'),
(261, 5, '2021-01-16', '00:00:00', '00:00:00', ''),
(262, 5, '2021-01-17', '00:00:00', '00:00:00', ''),
(263, 5, '2021-01-18', '08:00:00', '16:00:00', 'HADIR'),
(264, 5, '2021-01-19', '08:00:00', '16:00:00', 'HADIR'),
(265, 5, '2021-01-20', '08:00:00', '16:00:00', 'HADIR'),
(266, 5, '2021-01-21', '08:00:00', '16:00:00', 'HADIR'),
(267, 5, '2021-01-22', '08:00:00', '16:00:00', 'HADIR'),
(268, 5, '2021-01-23', '00:00:00', '00:00:00', ''),
(269, 5, '2021-01-24', '00:00:00', '00:00:00', ''),
(270, 5, '2021-01-25', '08:00:00', '16:00:00', 'HADIR'),
(271, 5, '2021-01-26', '00:00:00', '00:00:00', 'SAKIT'),
(272, 5, '2021-01-27', '00:00:00', '00:00:00', 'SAKIT'),
(273, 5, '2021-01-28', '08:00:00', '16:00:00', 'HADIR'),
(274, 5, '2021-01-29', '08:00:00', '16:00:00', 'HADIR'),
(275, 5, '2021-01-30', '00:00:00', '00:00:00', ''),
(276, 5, '2021-01-31', '00:00:00', '00:00:00', ''),
(277, 6, '2020-11-01', '00:00:00', '00:00:00', ''),
(278, 6, '2020-11-02', '08:00:00', '16:00:00', 'HADIR'),
(279, 6, '2020-11-03', '08:00:00', '16:00:00', 'HADIR'),
(280, 6, '2020-11-04', '08:00:00', '16:00:00', 'HADIR'),
(281, 6, '2020-11-05', '08:00:00', '16:00:00', 'HADIR'),
(282, 6, '2020-11-06', '08:00:00', '16:00:00', 'HADIR'),
(283, 6, '2020-11-07', '00:00:00', '00:00:00', ''),
(284, 6, '2020-11-08', '00:00:00', '00:00:00', ''),
(285, 6, '2020-11-09', '08:00:00', '16:00:00', 'HADIR'),
(286, 6, '2020-11-10', '00:00:00', '00:00:00', ''),
(287, 6, '2020-11-11', '08:00:00', '16:00:00', 'HADIR'),
(288, 6, '2020-11-12', '08:00:00', '16:00:00', 'HADIR'),
(289, 6, '2020-11-13', '08:00:00', '16:00:00', 'HADIR'),
(290, 6, '2020-11-14', '00:00:00', '00:00:00', ''),
(291, 6, '2020-11-15', '00:00:00', '00:00:00', ''),
(292, 6, '2020-11-16', '08:00:00', '16:00:00', 'HADIR'),
(293, 6, '2020-11-17', '08:00:00', '16:00:00', 'HADIR'),
(294, 6, '2020-11-18', '08:00:00', '16:00:00', 'HADIR'),
(295, 6, '2020-11-19', '08:00:00', '16:00:00', 'HADIR'),
(296, 6, '2020-11-20', '08:00:00', '16:00:00', 'HADIR'),
(297, 6, '2020-11-21', '00:00:00', '00:00:00', ''),
(298, 6, '2020-11-22', '00:00:00', '00:00:00', ''),
(299, 6, '2020-11-23', '08:00:00', '16:00:00', 'HADIR'),
(300, 6, '2020-11-24', '08:00:00', '16:00:00', 'HADIR'),
(301, 6, '2020-11-25', '08:00:00', '16:00:00', 'HADIR'),
(302, 6, '2020-11-26', '08:00:00', '16:00:00', 'HADIR'),
(303, 6, '2020-11-27', '08:00:00', '16:00:00', 'HADIR'),
(304, 6, '2020-11-28', '00:00:00', '00:00:00', ''),
(305, 6, '2020-11-29', '00:00:00', '00:00:00', ''),
(306, 6, '2020-11-30', '08:00:00', '16:00:00', 'HADIR'),
(307, 6, '2020-12-01', '08:00:00', '16:00:00', 'HADIR'),
(308, 6, '2020-12-02', '08:00:00', '16:00:00', 'HADIR'),
(309, 6, '2020-12-03', '08:00:00', '16:00:00', 'HADIR'),
(310, 6, '2020-12-04', '08:00:00', '16:00:00', 'HADIR'),
(311, 6, '2020-12-05', '00:00:00', '00:00:00', ''),
(312, 6, '2020-12-06', '00:00:00', '00:00:00', ''),
(313, 6, '2020-12-07', '08:00:00', '16:00:00', 'HADIR'),
(314, 6, '2020-12-08', '08:00:00', '16:00:00', 'HADIR'),
(315, 6, '2020-12-09', '00:00:00', '00:00:00', ''),
(316, 6, '2020-12-10', '08:00:00', '16:00:00', 'HADIR'),
(317, 6, '2020-12-11', '08:00:00', '16:00:00', 'HADIR'),
(318, 6, '2020-12-12', '00:00:00', '00:00:00', ''),
(319, 6, '2020-12-13', '00:00:00', '00:00:00', ''),
(320, 6, '2020-12-14', '08:00:00', '16:00:00', 'HADIR'),
(321, 6, '2020-12-15', '08:00:00', '16:00:00', 'HADIR'),
(322, 6, '2020-12-16', '08:00:00', '16:00:00', 'HADIR'),
(323, 6, '2020-12-17', '08:00:00', '16:00:00', 'HADIR'),
(324, 6, '2020-12-18', '08:00:00', '16:00:00', 'HADIR'),
(325, 6, '2020-12-19', '00:00:00', '00:00:00', ''),
(326, 6, '2020-12-20', '00:00:00', '00:00:00', ''),
(327, 6, '2020-12-21', '08:00:00', '16:00:00', 'HADIR'),
(328, 6, '2020-12-22', '08:00:00', '16:00:00', 'HADIR'),
(329, 6, '2020-12-23', '08:00:00', '16:00:00', 'HADIR'),
(330, 6, '2020-12-24', '00:00:00', '00:00:00', ''),
(331, 6, '2020-12-25', '00:00:00', '00:00:00', ''),
(332, 6, '2020-12-26', '00:00:00', '00:00:00', ''),
(333, 6, '2020-12-27', '00:00:00', '00:00:00', ''),
(334, 6, '2020-12-28', '08:00:00', '16:00:00', 'HADIR'),
(335, 6, '2020-12-29', '08:00:00', '16:00:00', 'HADIR'),
(336, 6, '2020-12-30', '08:00:00', '16:00:00', 'HADIR'),
(337, 6, '2020-12-31', '08:00:00', '16:00:00', 'HADIR'),
(338, 6, '2021-01-01', '00:00:00', '00:00:00', ''),
(339, 6, '2021-01-02', '00:00:00', '00:00:00', ''),
(340, 6, '2021-01-03', '00:00:00', '00:00:00', ''),
(341, 6, '2021-01-04', '08:00:00', '16:00:00', 'HADIR'),
(342, 6, '2021-01-05', '08:00:00', '16:00:00', 'HADIR'),
(343, 6, '2021-01-06', '08:00:00', '16:00:00', 'HADIR'),
(344, 6, '2021-01-07', '08:00:00', '16:00:00', 'HADIR'),
(345, 6, '2021-01-08', '08:00:00', '16:00:00', 'HADIR'),
(346, 6, '2021-01-09', '00:00:00', '00:00:00', ''),
(347, 6, '2021-01-10', '00:00:00', '00:00:00', ''),
(348, 6, '2021-01-11', '08:00:00', '16:00:00', 'HADIR'),
(349, 6, '2021-01-12', '08:00:00', '16:00:00', 'HADIR'),
(350, 6, '2021-01-13', '08:00:00', '16:00:00', 'HADIR'),
(351, 6, '2021-01-14', '08:00:00', '16:00:00', 'HADIR'),
(352, 6, '2021-01-15', '08:00:00', '16:00:00', 'HADIR'),
(353, 6, '2021-01-16', '00:00:00', '00:00:00', ''),
(354, 6, '2021-01-17', '00:00:00', '00:00:00', ''),
(355, 6, '2021-01-18', '08:00:00', '16:00:00', 'HADIR'),
(356, 6, '2021-01-19', '08:00:00', '16:00:00', 'HADIR'),
(357, 6, '2021-01-20', '08:00:00', '16:00:00', 'HADIR'),
(358, 6, '2021-01-21', '08:00:00', '16:00:00', 'HADIR'),
(359, 6, '2021-01-22', '08:00:00', '16:00:00', 'HADIR'),
(360, 6, '2021-01-23', '00:00:00', '00:00:00', ''),
(361, 6, '2021-01-24', '00:00:00', '00:00:00', ''),
(362, 6, '2021-01-25', '08:00:00', '16:00:00', 'HADIR'),
(363, 6, '2021-01-26', '08:00:00', '16:00:00', 'HADIR'),
(364, 6, '2021-01-27', '08:00:00', '16:00:00', 'HADIR'),
(365, 6, '2021-01-28', '08:00:00', '16:00:00', 'HADIR'),
(366, 6, '2021-01-29', '08:00:00', '16:00:00', 'HADIR'),
(367, 6, '2021-01-30', '00:00:00', '00:00:00', ''),
(368, 6, '2021-01-31', '00:00:00', '00:00:00', ''),
(369, 7, '2020-11-01', '00:00:00', '00:00:00', ''),
(370, 7, '2020-11-02', '08:00:00', '16:00:00', 'HADIR'),
(371, 7, '2020-11-03', '08:35:00', '16:00:00', 'HADIR'),
(372, 7, '2020-11-04', '00:00:00', '00:00:00', 'SAKIT'),
(373, 7, '2020-11-05', '08:00:00', '16:00:00', 'HADIR'),
(374, 7, '2020-11-06', '08:00:00', '16:00:00', 'HADIR'),
(375, 7, '2020-11-07', '00:00:00', '00:00:00', ''),
(376, 7, '2020-11-08', '00:00:00', '00:00:00', ''),
(377, 7, '2020-11-09', '08:00:00', '16:00:00', 'HADIR'),
(378, 7, '2020-11-10', '00:00:00', '00:00:00', ''),
(379, 7, '2020-11-11', '08:00:00', '16:00:00', 'HADIR'),
(380, 7, '2020-11-12', '08:00:00', '16:00:00', 'HADIR'),
(381, 7, '2020-11-13', '08:00:00', '16:00:00', 'HADIR'),
(382, 7, '2020-11-14', '00:00:00', '00:00:00', ''),
(383, 7, '2020-11-15', '00:00:00', '00:00:00', ''),
(384, 7, '2020-11-16', '08:00:00', '16:00:00', 'HADIR'),
(385, 7, '2020-11-17', '08:00:00', '16:00:00', 'HADIR'),
(386, 7, '2020-11-18', '08:45:00', '16:00:00', 'HADIR'),
(387, 7, '2020-11-19', '00:00:00', '00:00:00', 'IZIN'),
(388, 7, '2020-11-20', '08:00:00', '16:00:00', 'HADIR'),
(389, 7, '2020-11-21', '00:00:00', '00:00:00', ''),
(390, 7, '2020-11-22', '00:00:00', '00:00:00', ''),
(391, 7, '2020-11-23', '08:00:00', '16:00:00', 'HADIR'),
(392, 7, '2020-11-24', '08:00:00', '16:00:00', 'HADIR'),
(393, 7, '2020-11-25', '08:00:00', '16:00:00', 'HADIR'),
(394, 7, '2020-11-26', '08:00:00', '16:00:00', 'HADIR'),
(395, 7, '2020-11-27', '08:00:00', '16:00:00', 'HADIR'),
(396, 7, '2020-11-28', '00:00:00', '00:00:00', ''),
(397, 7, '2020-11-29', '00:00:00', '00:00:00', ''),
(398, 7, '2020-11-30', '08:00:00', '16:00:00', 'HADIR'),
(399, 7, '2020-12-01', '08:00:00', '16:00:00', 'HADIR'),
(400, 7, '2020-12-02', '08:00:00', '16:00:00', 'HADIR'),
(401, 7, '2020-12-03', '08:00:00', '16:00:00', 'HADIR'),
(402, 7, '2020-12-04', '08:00:00', '16:00:00', 'HADIR'),
(403, 7, '2020-12-05', '00:00:00', '00:00:00', ''),
(404, 7, '2020-12-06', '00:00:00', '00:00:00', ''),
(405, 7, '2020-12-07', '08:00:00', '16:00:00', 'HADIR'),
(406, 7, '2020-12-08', '08:00:00', '16:00:00', 'HADIR'),
(407, 7, '2020-12-09', '00:00:00', '00:00:00', ''),
(408, 7, '2020-12-10', '08:00:00', '16:00:00', 'HADIR'),
(409, 7, '2020-12-11', '08:00:00', '16:00:00', 'HADIR'),
(410, 7, '2020-12-12', '00:00:00', '00:00:00', ''),
(411, 7, '2020-12-13', '00:00:00', '00:00:00', ''),
(412, 7, '2020-12-14', '08:00:00', '16:00:00', 'HADIR'),
(413, 7, '2020-12-15', '08:00:00', '16:00:00', 'HADIR'),
(414, 7, '2020-12-16', '08:00:00', '16:00:00', 'HADIR'),
(415, 7, '2020-12-17', '00:00:00', '00:00:00', 'SAKIT'),
(416, 7, '2020-12-18', '08:00:00', '16:00:00', 'HADIR'),
(417, 7, '2020-12-19', '00:00:00', '00:00:00', ''),
(418, 7, '2020-12-20', '00:00:00', '00:00:00', ''),
(419, 7, '2020-12-21', '08:00:00', '16:00:00', 'HADIR'),
(420, 7, '2020-12-22', '08:00:00', '16:00:00', 'HADIR'),
(421, 7, '2020-12-23', '08:00:00', '16:00:00', 'HADIR'),
(422, 7, '2020-12-24', '00:00:00', '00:00:00', ''),
(423, 7, '2020-12-25', '00:00:00', '00:00:00', ''),
(424, 7, '2020-12-26', '00:00:00', '00:00:00', ''),
(425, 7, '2020-12-27', '00:00:00', '00:00:00', ''),
(426, 7, '2020-12-28', '08:00:00', '16:00:00', 'HADIR'),
(427, 7, '2020-12-29', '08:50:00', '16:00:00', 'HADIR'),
(428, 7, '2020-12-30', '08:00:00', '16:00:00', 'HADIR'),
(429, 7, '2020-12-31', '08:00:00', '16:00:00', 'HADIR'),
(430, 7, '2021-01-01', '00:00:00', '00:00:00', ''),
(431, 7, '2021-01-02', '00:00:00', '00:00:00', ''),
(432, 7, '2021-01-03', '00:00:00', '00:00:00', ''),
(433, 7, '2021-01-04', '08:55:00', '16:00:00', 'HADIR'),
(434, 7, '2021-01-05', '08:00:00', '16:00:00', 'HADIR'),
(435, 7, '2021-01-06', '08:00:00', '16:00:00', 'HADIR'),
(436, 7, '2021-01-07', '08:00:00', '16:00:00', 'HADIR'),
(437, 7, '2021-01-08', '08:00:00', '16:00:00', 'HADIR'),
(438, 7, '2021-01-09', '00:00:00', '00:00:00', ''),
(439, 7, '2021-01-10', '00:00:00', '00:00:00', ''),
(440, 7, '2021-01-11', '08:00:00', '16:00:00', 'HADIR'),
(441, 7, '2021-01-12', '08:00:00', '16:00:00', 'HADIR'),
(442, 7, '2021-01-13', '08:00:00', '16:00:00', 'HADIR'),
(443, 7, '2021-01-14', '08:00:00', '16:00:00', 'HADIR'),
(444, 7, '2021-01-15', '08:00:00', '16:00:00', 'HADIR'),
(445, 7, '2021-01-16', '00:00:00', '00:00:00', ''),
(446, 7, '2021-01-17', '00:00:00', '00:00:00', ''),
(447, 7, '2021-01-18', '08:00:00', '16:00:00', 'HADIR'),
(448, 7, '2021-01-19', '08:00:00', '16:00:00', 'HADIR'),
(449, 7, '2021-01-20', '08:00:00', '16:00:00', 'HADIR'),
(450, 7, '2021-01-21', '00:00:00', '00:00:00', 'IZIN'),
(451, 7, '2021-01-22', '08:00:00', '16:00:00', 'HADIR'),
(452, 7, '2021-01-23', '00:00:00', '00:00:00', ''),
(453, 7, '2021-01-24', '00:00:00', '00:00:00', ''),
(454, 7, '2021-01-25', '08:00:00', '16:00:00', 'HADIR'),
(455, 7, '2021-01-26', '08:00:00', '16:00:00', 'HADIR'),
(456, 7, '2021-01-27', '08:40:00', '16:00:00', 'HADIR'),
(457, 7, '2021-01-28', '08:00:00', '16:00:00', 'HADIR'),
(458, 7, '2021-01-29', '08:00:00', '16:00:00', 'HADIR'),
(459, 7, '2021-01-30', '00:00:00', '00:00:00', ''),
(460, 7, '2021-01-31', '00:00:00', '00:00:00', ''),
(461, 8, '2020-11-01', '00:00:00', '00:00:00', ''),
(462, 8, '2020-11-02', '08:00:00', '16:00:00', 'HADIR'),
(463, 8, '2020-11-03', '08:00:00', '16:00:00', 'HADIR'),
(464, 8, '2020-11-04', '08:00:00', '16:00:00', 'HADIR'),
(465, 8, '2020-11-05', '08:00:00', '16:00:00', 'HADIR'),
(466, 8, '2020-11-06', '08:35:00', '16:00:00', 'HADIR'),
(467, 8, '2020-11-07', '00:00:00', '00:00:00', ''),
(468, 8, '2020-11-08', '00:00:00', '00:00:00', ''),
(469, 8, '2020-11-09', '08:00:00', '16:00:00', 'HADIR'),
(470, 8, '2020-11-10', '00:00:00', '00:00:00', ''),
(471, 8, '2020-11-11', '08:00:00', '16:00:00', 'HADIR'),
(472, 8, '2020-11-12', '08:00:00', '16:00:00', 'HADIR'),
(473, 8, '2020-11-13', '08:00:00', '16:00:00', 'HADIR'),
(474, 8, '2020-11-14', '00:00:00', '00:00:00', ''),
(475, 8, '2020-11-15', '00:00:00', '00:00:00', ''),
(476, 8, '2020-11-16', '08:00:00', '16:00:00', 'HADIR'),
(477, 8, '2020-11-17', '08:00:00', '16:00:00', 'HADIR'),
(478, 8, '2020-11-18', '08:35:00', '16:00:00', 'HADIR'),
(479, 8, '2020-11-19', '08:00:00', '16:00:00', 'HADIR'),
(480, 8, '2020-11-20', '08:00:00', '16:00:00', 'HADIR'),
(481, 8, '2020-11-21', '00:00:00', '00:00:00', ''),
(482, 8, '2020-11-22', '00:00:00', '00:00:00', ''),
(483, 8, '2020-11-23', '08:00:00', '16:00:00', 'HADIR'),
(484, 8, '2020-11-24', '08:00:00', '16:00:00', 'HADIR'),
(485, 8, '2020-11-25', '00:00:00', '00:00:00', 'IZIN'),
(486, 8, '2020-11-26', '08:00:00', '16:00:00', 'HADIR'),
(487, 8, '2020-11-27', '08:00:00', '16:00:00', 'HADIR'),
(488, 8, '2020-11-28', '00:00:00', '00:00:00', ''),
(489, 8, '2020-11-29', '00:00:00', '00:00:00', ''),
(490, 8, '2020-11-30', '08:00:00', '16:00:00', 'HADIR'),
(491, 8, '2020-12-01', '08:00:00', '16:00:00', 'HADIR'),
(492, 8, '2020-12-02', '00:00:00', '00:00:00', 'CUTI'),
(493, 8, '2020-12-03', '00:00:00', '00:00:00', 'CUTI'),
(494, 8, '2020-12-04', '08:00:00', '16:00:00', 'HADIR'),
(495, 8, '2020-12-05', '00:00:00', '00:00:00', ''),
(496, 8, '2020-12-06', '00:00:00', '00:00:00', ''),
(497, 8, '2020-12-07', '08:00:00', '16:00:00', 'HADIR'),
(498, 8, '2020-12-08', '08:00:00', '16:00:00', 'HADIR'),
(499, 8, '2020-12-09', '00:00:00', '00:00:00', ''),
(500, 8, '2020-12-10', '08:00:00', '16:00:00', 'HADIR'),
(501, 8, '2020-12-11', '08:00:00', '16:00:00', 'HADIR'),
(502, 8, '2020-12-12', '00:00:00', '00:00:00', ''),
(503, 8, '2020-12-13', '00:00:00', '00:00:00', ''),
(504, 8, '2020-12-14', '08:37:00', '16:00:00', 'HADIR'),
(505, 8, '2020-12-15', '08:00:00', '16:00:00', 'HADIR'),
(506, 8, '2020-12-16', '08:00:00', '16:00:00', 'HADIR'),
(507, 8, '2020-12-17', '08:00:00', '16:00:00', 'HADIR'),
(508, 8, '2020-12-18', '08:00:00', '16:00:00', 'HADIR'),
(509, 8, '2020-12-19', '00:00:00', '00:00:00', ''),
(510, 8, '2020-12-20', '00:00:00', '00:00:00', ''),
(511, 8, '2020-12-21', '08:00:00', '16:00:00', 'HADIR'),
(512, 8, '2020-12-22', '08:00:00', '16:00:00', 'HADIR'),
(513, 8, '2020-12-23', '08:00:00', '16:00:00', 'HADIR'),
(514, 8, '2020-12-24', '00:00:00', '00:00:00', ''),
(515, 8, '2020-12-25', '00:00:00', '00:00:00', ''),
(516, 8, '2020-12-26', '00:00:00', '00:00:00', ''),
(517, 8, '2020-12-27', '00:00:00', '00:00:00', ''),
(518, 8, '2020-12-28', '08:00:00', '16:00:00', 'HADIR'),
(519, 8, '2020-12-29', '08:00:00', '16:00:00', 'HADIR'),
(520, 8, '2020-12-30', '08:35:00', '16:00:00', 'HADIR'),
(521, 8, '2020-12-31', '08:00:00', '16:00:00', 'HADIR'),
(522, 8, '2021-01-01', '00:00:00', '00:00:00', ''),
(523, 8, '2021-01-02', '00:00:00', '00:00:00', ''),
(524, 8, '2021-01-03', '00:00:00', '00:00:00', ''),
(525, 8, '2021-01-04', '08:00:00', '16:00:00', 'HADIR'),
(526, 8, '2021-01-05', '08:00:00', '16:00:00', 'HADIR'),
(527, 8, '2021-01-06', '00:00:00', '00:00:00', 'IZIN'),
(528, 8, '2021-01-07', '08:00:00', '16:00:00', 'HADIR'),
(529, 8, '2021-01-08', '08:00:00', '16:00:00', 'HADIR'),
(530, 8, '2021-01-09', '00:00:00', '00:00:00', ''),
(531, 8, '2021-01-10', '00:00:00', '00:00:00', ''),
(532, 8, '2021-01-11', '08:00:00', '16:00:00', 'HADIR'),
(533, 8, '2021-01-12', '08:00:00', '16:00:00', 'HADIR'),
(534, 8, '2021-01-13', '08:00:00', '16:00:00', 'HADIR'),
(535, 8, '2021-01-14', '08:00:00', '16:00:00', 'HADIR'),
(536, 8, '2021-01-15', '08:00:00', '16:00:00', 'HADIR'),
(537, 8, '2021-01-16', '00:00:00', '00:00:00', ''),
(538, 8, '2021-01-17', '00:00:00', '00:00:00', ''),
(539, 8, '2021-01-18', '08:00:00', '16:00:00', 'HADIR'),
(540, 8, '2021-01-19', '08:00:00', '16:00:00', 'HADIR'),
(541, 8, '2021-01-20', '08:00:00', '16:00:00', 'HADIR'),
(542, 8, '2021-01-21', '08:00:00', '16:00:00', 'HADIR'),
(543, 8, '2021-01-22', '08:00:00', '16:00:00', 'HADIR'),
(544, 8, '2021-01-23', '00:00:00', '00:00:00', ''),
(545, 8, '2021-01-24', '00:00:00', '00:00:00', ''),
(546, 8, '2021-01-25', '08:00:00', '16:00:00', 'HADIR'),
(547, 8, '2021-01-26', '00:00:00', '00:00:00', 'SAKIT'),
(548, 8, '2021-01-27', '00:00:00', '00:00:00', 'SAKIT'),
(549, 8, '2021-01-28', '08:00:00', '16:00:00', 'HADIR'),
(550, 8, '2021-01-29', '08:00:00', '16:00:00', 'HADIR'),
(551, 8, '2021-01-30', '00:00:00', '00:00:00', ''),
(552, 8, '2021-01-31', '00:00:00', '00:00:00', '');

--
-- Indexes for dumped tables
--

--
-- Indeks untuk tabel `bagian`
--
ALTER TABLE `bagian`
  ADD PRIMARY KEY (`id`);

--
-- Indeks untuk tabel `bagian_karyawan`
--
ALTER TABLE `bagian_karyawan`
  ADD PRIMARY KEY (`id`);

--
-- Indeks untuk tabel `gaji_karyawan`
--
ALTER TABLE `gaji_karyawan`
  ADD PRIMARY KEY (`id`);

--
-- Indeks untuk tabel `jabatan`
--
ALTER TABLE `jabatan`
  ADD PRIMARY KEY (`id`);

--
-- Indeks untuk tabel `jabatan_karyawan`
--
ALTER TABLE `jabatan_karyawan`
  ADD PRIMARY KEY (`id`);

--
-- Indeks untuk tabel `karyawan`
--
ALTER TABLE `karyawan`
  ADD PRIMARY KEY (`id`);

--
-- Indeks untuk tabel `lokasi`
--
ALTER TABLE `lokasi`
  ADD PRIMARY KEY (`id`);

--
-- Indeks untuk tabel `pengguna`
--
ALTER TABLE `pengguna`
  ADD PRIMARY KEY (`id`);

--
-- Indeks untuk tabel `presensi`
--
ALTER TABLE `presensi`
  ADD PRIMARY KEY (`id`);

--
-- AUTO_INCREMENT untuk tabel yang dibuang
--

--
-- AUTO_INCREMENT untuk tabel `bagian`
--
ALTER TABLE `bagian`
  MODIFY `id` int(10) NOT NULL AUTO_INCREMENT, AUTO_INCREMENT=24;

--
-- AUTO_INCREMENT untuk tabel `bagian_karyawan`
--
ALTER TABLE `bagian_karyawan`
  MODIFY `id` int(10) NOT NULL AUTO_INCREMENT, AUTO_INCREMENT=11;

--
-- AUTO_INCREMENT untuk tabel `gaji_karyawan`
--
ALTER TABLE `gaji_karyawan`
  MODIFY `id` int(10) NOT NULL AUTO_INCREMENT, AUTO_INCREMENT=19;

--
-- AUTO_INCREMENT untuk tabel `jabatan`
--
ALTER TABLE `jabatan`
  MODIFY `id` int(11) NOT NULL AUTO_INCREMENT, AUTO_INCREMENT=11;

--
-- AUTO_INCREMENT untuk tabel `jabatan_karyawan`
--
ALTER TABLE `jabatan_karyawan`
  MODIFY `id` int(10) NOT NULL AUTO_INCREMENT, AUTO_INCREMENT=18;

--
-- AUTO_INCREMENT untuk tabel `karyawan`
--
ALTER TABLE `karyawan`
  MODIFY `id` int(10) NOT NULL AUTO_INCREMENT, AUTO_INCREMENT=9;

--
-- AUTO_INCREMENT untuk tabel `lokasi`
--
ALTER TABLE `lokasi`
  MODIFY `id` int(11) NOT NULL AUTO_INCREMENT, AUTO_INCREMENT=17;

--
-- AUTO_INCREMENT untuk tabel `pengguna`
--
ALTER TABLE `pengguna`
  MODIFY `id` int(10) NOT NULL AUTO_INCREMENT, AUTO_INCREMENT=9;

--
-- AUTO_INCREMENT untuk tabel `presensi`
--
ALTER TABLE `presensi`
  MODIFY `id` int(255) NOT NULL AUTO_INCREMENT, AUTO_INCREMENT=553;
COMMIT;

/*!40101 SET CHARACTER_SET_CLIENT=@OLD_CHARACTER_SET_CLIENT */;
/*!40101 SET CHARACTER_SET_RESULTS=@OLD_CHARACTER_SET_RESULTS */;
/*!40101 SET COLLATION_CONNECTION=@OLD_COLLATION_CONNECTION */;
